{"cameraMode":{"drawMode":0,"name":"Shaded","section":"Shading Mode"},"sceneLighting":true,"audioPlay":false,"sceneViewState":{"m_AlwaysRefresh":false,"showFog":true,"showSkybox":true,"showFlares":true,"showImageEffects":true,"showParticleSystems":true,"showVisualEffectGraphs":true,"m_FxEnabled":true},"in2DMode":false,"pivot":{"x":2.3493475914001467,"y":1.7286852598190308,"z":-6.2718963623046879},"rotation":{"x":0.15380118787288667,"y":-0.06836318224668503,"z":0.01029671635478735,"w":0.9853724241256714},"size":0.7589074373245239,"orthographic":false}