{"cameraMode":{"drawMode":0,"name":"Shaded","section":"Shading Mode"},"sceneLighting":true,"audioPlay":false,"sceneViewState":{"m_AlwaysRefresh":false,"showFog":true,"showSkybox":true,"showFlares":true,"showImageEffects":true,"showParticleSystems":true,"showVisualEffectGraphs":true,"m_FxEnabled":true},"in2DMode":false,"pivot":{"x":628.5343627929688,"y":220.4337158203125,"z":224.1996307373047},"rotation":{"x":0.006305654998868704,"y":0.0039077321998775009,"z":-0.00042372458847239614,"w":0.999703049659729},"size":573.47021484375,"orthographic":false}