{"cameraMode":{"drawMode":0,"name":"Shaded","section":"Shading Mode"},"sceneLighting":true,"audioPlay":false,"sceneViewState":{"m_AlwaysRefresh":false,"showFog":true,"showSkybox":true,"showFlares":true,"showImageEffects":true,"showParticleSystems":true,"showVisualEffectGraphs":true,"m_FxEnabled":true},"in2DMode":false,"pivot":{"x":-1.5227136611938477,"y":9.09656047821045,"z":126.46771240234375},"rotation":{"x":-0.054229795932769778,"y":-0.02378077059984207,"z":0.0018544181948527694,"w":-0.9978507161140442},"size":2.2354893684387209,"orthographic":false}