{"cameraMode":{"drawMode":0,"name":"Shaded","section":"Shading Mode"},"sceneLighting":true,"audioPlay":false,"sceneViewState":{"m_AlwaysRefresh":false,"showFog":true,"showSkybox":true,"showFlares":true,"showImageEffects":true,"showParticleSystems":true,"showVisualEffectGraphs":true,"m_FxEnabled":true},"in2DMode":false,"pivot":{"x":378.8644104003906,"y":126.0648193359375,"z":-24.766225814819337},"rotation":{"x":0.06292776763439179,"y":-0.031054308637976648,"z":0.0019590111915022136,"w":0.9975315928459168},"size":126.31779479980469,"orthographic":false}