{"cameraMode":{"drawMode":0,"name":"Shaded","section":"Shading Mode"},"sceneLighting":true,"audioPlay":false,"sceneViewState":{"m_AlwaysRefresh":false,"showFog":true,"showSkybox":true,"showFlares":true,"showImageEffects":true,"showParticleSystems":true,"showVisualEffectGraphs":true,"m_FxEnabled":true},"in2DMode":false,"pivot":{"x":0.34242790937423708,"y":1.989725112915039,"z":-6.280655860900879},"rotation":{"x":0.2545880079269409,"y":0.16080687940120698,"z":-0.04347945377230644,"w":0.9523029327392578},"size":0.7520698308944702,"orthographic":false}