{"cameraMode":{"drawMode":0,"name":"Shaded","section":"Shading Mode"},"sceneLighting":false,"audioPlay":false,"sceneViewState":{"m_AlwaysRefresh":false,"showFog":true,"showSkybox":false,"showFlares":true,"showImageEffects":true,"showParticleSystems":true,"showVisualEffectGraphs":true,"m_FxEnabled":true},"in2DMode":false,"pivot":{"x":0.11671371757984162,"y":2.029860734939575,"z":0.3743606209754944},"rotation":{"x":0.15044225752353669,"y":0.282672256231308,"z":-0.04529939219355583,"w":0.9459901452064514},"size":0.9654825329780579,"orthographic":false}