{"cameraMode":{"drawMode":0,"name":"Shaded","section":"Shading Mode"},"sceneLighting":false,"audioPlay":false,"sceneViewState":{"m_AlwaysRefresh":false,"showFog":true,"showSkybox":false,"showFlares":true,"showImageEffects":true,"showParticleSystems":true,"showVisualEffectGraphs":true,"m_FxEnabled":true},"in2DMode":false,"pivot":{"x":-0.35600781440734866,"y":2.1270816326141359,"z":-0.13649827241897584},"rotation":{"x":0.31157752871513369,"y":0.15236103534698487,"z":-0.05102173984050751,"w":0.9362624883651733},"size":0.7413898706436157,"orthographic":false}