{"cameraMode":{"drawMode":0,"name":"Shaded","section":"Shading Mode"},"sceneLighting":false,"audioPlay":false,"sceneViewState":{"m_AlwaysRefresh":false,"showFog":true,"showSkybox":false,"showFlares":true,"showImageEffects":true,"showParticleSystems":true,"showVisualEffectGraphs":true,"m_FxEnabled":true},"in2DMode":false,"pivot":{"x":-0.661828875541687,"y":0.48898422718048098,"z":-0.7192391753196716},"rotation":{"x":-0.03709414601325989,"y":0.9268372058868408,"z":-0.09515673667192459,"w":-0.36129823327064516},"size":1.2698270082473755,"orthographic":false}